OrderID,OrderDate,CustomerName,Region,Product,Category,Quantity,UnitPrice,Discount,ShippingCost,PaymentMethod,OrderStatus,GrossRevenue,NetRevenue
1017,2025-01-14,Aisha Sharma,South,Running Shoes,Running Shoes,5,59.99,0.2,9.69,Credit Card,Delivered,299.95,239.96
1164,2025-03-26,Emma Brown,South,Wireless Mouse,Wireless Mouse,1,15.99,0.05,10.05,Credit Card,Delivered,15.99,15.1905
1016,2025-05-27,Grace Rodriguez,North,Backpack,Backpack,1,45.0,0.15,7.52,Credit Card,Delivered,45.0,38.25
1273,2025-05-22,David Rodriguez,South,Water Bottle,Water Bottle,4,12.5,0.15,5.89,Paypal,Delivered,50.0,42.5
1296,2025-03-20,Ahmed Brown,West,Phone Case,Phone Case,2,9.99,0.15,8.48,Debit Card,Delivered,19.98,16.983
1237,2025-04-11,Sara Rodriguez,East,Backpack,Backpack,2,45.0,0.15,10.25,Credit Card,Processing,90.0,76.5
1049,2025-05-28,Sara Johnson,South,Notebook Set,Notebook Set,1,6.5,0.0,9.58,Credit Card,Delivered,6.5,6.5
1036,2025-02-23,Tom Yousuf,West,Wireless Mouse,Wireless Mouse,2,15.99,0.0,6.24,Paypal,Shipped,31.98,31.98
1094,2025-02-02,David Smith,South,Yoga Mat,Yoga Mat,2,22.0,0.0,9.84,Credit Card,Delivered,44.0,44.0
1282,2025-03-09,Linda Ali,West,Backpack,Backpack,3,45.0,0.05,7.52,Credit Card,Shipped,135.0,128.25
1195,2025-03-26,Fatima Khan,North,Coffee Mug,Coffee Mug,4,8.25,0.15,11.31,Credit Card,Cancelled,33.0,28.05
1184,2025-04-05,Carlos Wilson,North,Usb Charger,Usb Charger,1,11.2,0.05,5.12,Paypal,Processing,11.2,10.64
1125,2025-02-27,Aisha Brown,North,Running Shoes,Running Shoes,1,59.99,0.0,10.63,Debit Card,Returned,59.99,59.99
1146,2025-05-25,Chen Li,North,Yoga Mat,Yoga Mat,3,22.0,0.2,11.56,Credit Card,Delivered,66.0,52.8
1119,2025-02-05,Carlos Wilson,South,Coffee Mug,Coffee Mug,2,8.25,0.0,10.2,Credit Card,Delivered,16.5,16.5
1207,2025-04-29,Layla Ahmed,South,Usb Charger,Usb Charger,1,11.2,0.15,5.98,Paypal,Delivered,11.2,9.52
1279,2025-02-19,Linda Farouk,South,Yoga Mat,Yoga Mat,1,22.0,0.0,11.9,Credit Card,Delivered,22.0,22.0
1304,2025-05-17,Maria Clark,North,Usb Charger,Usb Charger,2,11.2,0.2,3.91,Credit Card,Shipped,22.4,17.92
1160,2025-06-24,Omar Yousuf,South,Phone Case,Phone Case,3,9.99,0.15,5.13,Debit Card,Shipped,29.97,25.4745
1079,2025-06-24,Wei Brown,South,Backpack,Backpack,4,45.0,0.1,8.68,Paypal,Delivered,180.0,162.0
1206,2025-03-04,Tom Wilson,East,Desk Lamp,Desk Lamp,5,18.75,0.1,10.18,Credit Card,Delivered,93.75,84.375
1156,2025-05-25,Sara Wang,East,Phone Case,Phone Case,5,9.99,0.15,6.63,Credit Card,Cancelled,49.95,42.4575
1124,2025-04-22,Fatima Malik,North,Coffee Mug,Coffee Mug,1,8.25,0.2,11.02,Paypal,Cancelled,8.25,6.6
1310,2025-02-05,Priya Johnson,South,Bluetooth Speaker,Bluetooth Speaker,1,34.5,0.0,11.1,Paypal,Delivered,34.5,34.5
1021,2025-05-16,David Garcia,South,Wireless Mouse,Wireless Mouse,5,15.99,0.1,4.18,Credit Card,Returned,79.95,71.955
1073,2025-01-01,Priya Wilson,East,Backpack,Backpack,2,45.0,0.2,8.43,Debit Card,Cancelled,90.0,72.0
1224,2025-06-06,Linda Brown,South,Water Bottle,Water Bottle,3,12.5,0.2,4.68,Credit Card,Delivered,37.5,30.0
1251,2025-01-25,Aisha Farouk,North,Throw Pillow,Throw Pillow,1,14.0,0.1,6.85,Paypal,Shipped,14.0,12.6
1123,2025-06-14,Carlos Taylor,West,Yoga Mat,Yoga Mat,2,22.0,0.0,4.37,Debit Card,Shipped,44.0,44.0
1286,2025-05-15,Sara Davis,North,Running Shoes,Running Shoes,1,59.99,0.2,10.94,Credit Card,Delivered,59.99,47.992
1148,2025-04-23,Omar Khan,West,Throw Pillow,Throw Pillow,1,14.0,0.0,6.39,Credit Card,Delivered,14.0,14.0
1187,2025-05-01,Noah Lee,East,Coffee Mug,Coffee Mug,1,8.25,0.2,7.02,Paypal,Delivered,8.25,6.6
1015,2025-01-19,Chen Yousuf,South,Water Bottle,Water Bottle,2,12.5,0.0,11.2,Credit Card,Delivered,25.0,25.0
1031,2025-02-28,Emma Rodriguez,South,Coffee Mug,Coffee Mug,3,8.25,0.0,6.89,Credit Card,Shipped,24.75,24.75
1188,2025-02-09,Yusuf Yousuf,South,Notebook Set,Notebook Set,4,6.5,0.0,8.34,Debit Card,Delivered,26.0,26.0
1285,2025-04-15,Ahmed Rodriguez,South,Coffee Mug,Coffee Mug,2,8.25,0.2,10.87,Credit Card,Processing,16.5,13.2
1026,2025-03-29,Yusuf Ali,South,Notebook Set,Notebook Set,2,6.5,0.15,5.63,Debit Card,Delivered,13.0,11.05
1289,2025-06-16,Emma Brown,West,Usb Charger,Usb Charger,2,11.2,0.0,10.13,Paypal,Delivered,22.4,22.4
1265,2025-02-07,David Ahmed,North,Phone Case,Phone Case,1,9.99,0.0,10.7,Paypal,Processing,9.99,9.99
1162,2025-03-30,Chen Yousuf,South,Running Shoes,Running Shoes,4,59.99,0.2,11.62,Debit Card,Delivered,239.96,191.968
1111,2025-05-25,Ahmed Ahmed,North,Usb Charger,Usb Charger,5,11.2,0.05,11.0,Credit Card,Shipped,56.0,53.2
1039,2025-06-28,Linda Sharma,North,Water Bottle,Water Bottle,1,12.5,0.2,5.62,Credit Card,Delivered,12.5,10.0
1109,2025-01-21,Linda Brown,West,Running Shoes,Running Shoes,4,59.99,0.1,5.38,Debit Card,Processing,239.96,215.964
1133,2025-06-17,Carlos Ali,East,Phone Case,Phone Case,1,9.99,0.2,6.63,Debit Card,Delivered,9.99,7.992
1168,2025-03-07,Linda Wilson,South,Yoga Mat,Yoga Mat,5,22.0,0.15,6.37,Paypal,Delivered,110.0,93.5
1077,2025-05-05,David Yousuf,North,Running Shoes,Running Shoes,3,59.99,0.15,5.5,Credit Card,Shipped,179.97,152.9745
1306,2025-01-27,Linda Davis,North,Desk Lamp,Desk Lamp,1,18.75,0.05,4.47,Paypal,Delivered,18.75,17.8125
1211,2025-04-29,Chen Brown,South,Coffee Mug,Coffee Mug,3,8.25,0.05,4.78,Paypal,Shipped,24.75,23.5125
1314,2025-03-28,Noah Wang,North,Throw Pillow,Throw Pillow,2,14.0,0.15,8.76,Paypal,Shipped,28.0,23.8
1218,2025-01-30,Wei Wilson,South,Bluetooth Speaker,Bluetooth Speaker,2,34.5,0.0,7.84,Debit Card,Shipped,69.0,69.0
1087,2025-06-22,Yusuf Wang,South,Running Shoes,Running Shoes,3,59.99,0.0,11.02,Credit Card,Delivered,179.97,179.97
1185,2025-02-23,Ahmed Rodriguez,East,Notebook Set,Notebook Set,2,6.5,0.05,3.63,Debit Card,Returned,13.0,12.35
1121,2025-06-23,Fatima Farouk,South,Wireless Mouse,Wireless Mouse,4,15.99,0.0,8.69,Paypal,Returned,63.96,63.96
1080,2025-03-07,Chen Li,West,Water Bottle,Water Bottle,5,12.5,0.15,11.14,Debit Card,Shipped,62.5,53.125
1172,2025-05-18,Olivia Hassan,South,Running Shoes,Running Shoes,5,59.99,0.2,9.28,Paypal,Processing,299.95,239.96
1047,2025-06-16,Aisha Brown,North,Usb Charger,Usb Charger,1,11.2,0.2,5.19,Credit Card,Returned,11.2,8.96
1257,2025-02-20,Chen Malik,South,Bluetooth Speaker,Bluetooth Speaker,1,34.5,0.0,4.28,Credit Card,Cancelled,34.5,34.5
1102,2025-06-18,Priya Yousuf,South,Notebook Set,Notebook Set,1,6.5,0.1,5.82,Debit Card,Delivered,6.5,5.85
1035,2025-02-02,David Clark,South,Throw Pillow,Throw Pillow,2,14.0,0.1,6.72,Credit Card,Shipped,28.0,25.2
1008,2025-05-24,Omar Li,North,Desk Lamp,Desk Lamp,1,18.75,0.0,7.14,Debit Card,Processing,18.75,18.75
1044,2025-02-26,Priya Yousuf,East,Throw Pillow,Throw Pillow,2,14.0,0.05,6.81,Credit Card,Delivered,28.0,26.6
1287,2025-04-05,Maria Hassan,West,Throw Pillow,Throw Pillow,2,14.0,0.0,11.35,Paypal,Delivered,28.0,28.0
1294,2025-02-26,Maria Wang,South,Throw Pillow,Throw Pillow,2,14.0,0.0,7.54,Paypal,Shipped,28.0,28.0
1170,2025-05-30,Emma Farouk,South,Desk Lamp,Desk Lamp,3,18.75,0.0,9.06,Paypal,Delivered,56.25,56.25
1216,2025-04-28,Layla Ahmed,North,Phone Case,Phone Case,3,9.99,0.0,7.66,Debit Card,Shipped,29.97,29.97
1113,2025-06-15,Maria Garcia,North,Phone Case,Phone Case,2,9.99,0.0,6.77,Paypal,Shipped,19.98,19.98
1127,2025-03-15,Olivia Davis,South,Running Shoes,Running Shoes,1,59.99,0.2,5.53,Debit Card,Delivered,59.99,47.992
1053,2025-01-08,Omar Wang,West,Notebook Set,Notebook Set,4,6.5,0.0,5.3,Debit Card,Delivered,26.0,26.0
1210,2025-03-26,Fatima Taylor,West,Wireless Mouse,Wireless Mouse,4,15.99,0.2,5.7,Credit Card,Delivered,63.96,51.168
1303,2025-02-28,Aisha Rodriguez,South,Yoga Mat,Yoga Mat,4,22.0,0.0,3.69,Paypal,Delivered,88.0,88.0
1208,2025-03-06,Priya Lee,South,Yoga Mat,Yoga Mat,2,22.0,0.0,10.21,Paypal,Processing,44.0,44.0
1307,2025-04-15,Yusuf Davis,East,Water Bottle,Water Bottle,3,12.5,0.15,7.72,Paypal,Delivered,37.5,31.875
1023,2025-06-21,David Brown,South,Desk Lamp,Desk Lamp,4,18.75,0.0,11.4,Debit Card,Delivered,75.0,75.0
1051,2025-06-12,Priya Lee,West,Bluetooth Speaker,Bluetooth Speaker,4,34.5,0.0,9.74,Paypal,Delivered,138.0,138.0
1183,2025-02-06,Layla Lee,West,Water Bottle,Water Bottle,2,12.5,0.0,11.73,Credit Card,Shipped,25.0,25.0
1012,2025-01-05,Noah Smith,North,Notebook Set,Notebook Set,3,6.5,0.05,10.57,Debit Card,Cancelled,19.5,18.525
1005,2025-03-13,Sara Khan,West,Water Bottle,Water Bottle,1,12.5,0.05,6.52,Debit Card,Delivered,12.5,11.875
1043,2025-05-28,Carlos Sharma,West,Running Shoes,Running Shoes,1,59.99,0.2,6.49,Credit Card,Delivered,59.99,47.992
1059,2025-03-29,Chen Ali,South,Coffee Mug,Coffee Mug,5,8.25,0.05,10.82,Credit Card,Delivered,41.25,39.1875
1298,2025-04-28,Wei Rodriguez,South,Phone Case,Phone Case,4,9.99,0.1,5.03,Debit Card,Cancelled,39.96,35.964
1255,2025-03-18,Aisha Clark,East,Backpack,Backpack,1,45.0,0.15,6.94,Paypal,Delivered,45.0,38.25
1010,2025-01-30,Omar Davis,South,Desk Lamp,Desk Lamp,1,18.75,0.15,10.03,Paypal,Processing,18.75,15.9375
1293,2025-02-05,Olivia Clark,South,Usb Charger,Usb Charger,3,11.2,0.15,11.98,Credit Card,Shipped,33.6,28.56
1233,2025-01-19,David Johnson,South,Running Shoes,Running Shoes,1,59.99,0.05,10.35,Credit Card,Delivered,59.99,56.9905
1226,2025-06-17,Wei Sharma,South,Wireless Mouse,Wireless Mouse,2,15.99,0.2,9.55,Paypal,Delivered,31.98,25.584
1096,2025-01-21,Priya Johnson,East,Coffee Mug,Coffee Mug,5,8.25,0.0,4.57,Paypal,Delivered,41.25,41.25
1169,2025-04-13,Olivia Clark,South,Running Shoes,Running Shoes,3,59.99,0.0,4.7,Credit Card,Delivered,179.97,179.97
1145,2025-06-12,Noah Ali,North,Bluetooth Speaker,Bluetooth Speaker,2,34.5,0.0,6.07,Debit Card,Delivered,69.0,69.0
1088,2025-04-15,Ahmed Farouk,North,Throw Pillow,Throw Pillow,2,14.0,0.15,3.82,Paypal,Delivered,28.0,23.8
1266,2025-03-24,Tom Wang,South,Bluetooth Speaker,Bluetooth Speaker,3,34.5,0.0,7.21,Paypal,Processing,103.5,103.5
1260,2025-04-02,Noah Brown,West,Usb Charger,Usb Charger,1,11.2,0.05,6.42,Paypal,Processing,11.2,10.64
1086,2025-05-23,Ahmed Li,East,Water Bottle,Water Bottle,4,12.5,0.2,3.62,Credit Card,Processing,50.0,40.0
1249,2025-05-19,Wei Smith,East,Running Shoes,Running Shoes,1,59.99,0.0,3.51,Credit Card,Returned,59.99,59.99
1253,2025-04-26,Chen Johnson,West,Yoga Mat,Yoga Mat,1,22.0,0.0,8.06,Debit Card,Delivered,22.0,22.0
1243,2025-04-06,Noah Davis,South,Throw Pillow,Throw Pillow,2,14.0,0.0,4.5,Debit Card,Processing,28.0,28.0
1001,2025-02-27,Linda Smith,South,Throw Pillow,Throw Pillow,2,14.0,0.0,11.08,Credit Card,Shipped,28.0,28.0
1101,2025-05-04,Chen Davis,South,Water Bottle,Water Bottle,1,12.5,0.15,8.23,Credit Card,Delivered,12.5,10.625
1313,2025-05-05,Aisha Taylor,North,Wireless Mouse,Wireless Mouse,1,15.99,0.05,4.04,Credit Card,Delivered,15.99,15.1905
1118,2025-03-26,Ahmed Ali,South,Backpack,Backpack,4,45.0,0.15,9.2,Paypal,Delivered,180.0,153.0
1022,2025-06-02,Emma Clark,North,Bluetooth Speaker,Bluetooth Speaker,2,34.5,0.1,9.09,Paypal,Delivered,69.0,62.1
1228,2025-01-01,Aisha Farouk,South,Coffee Mug,Coffee Mug,3,8.25,0.1,7.4,Credit Card,Processing,24.75,22.275
1236,2025-05-22,Wei Brown,North,Desk Lamp,Desk Lamp,1,18.75,0.0,5.92,Paypal,Processing,18.75,18.75
1213,2025-01-30,Omar Wilson,North,Bluetooth Speaker,Bluetooth Speaker,2,34.5,0.0,9.26,Debit Card,Shipped,69.0,69.0
1180,2025-02-25,Maria Clark,North,Coffee Mug,Coffee Mug,2,8.25,0.1,5.96,Paypal,Delivered,16.5,14.85
1320,2025-01-28,Sara Yousuf,North,Backpack,Backpack,3,45.0,0.15,10.49,Paypal,Delivered,135.0,114.75
1084,2025-05-29,Linda Garcia,East,Desk Lamp,Desk Lamp,5,18.75,0.0,6.01,Paypal,Delivered,93.75,93.75
1038,2025-06-28,Ahmed Farouk,West,Running Shoes,Running Shoes,2,59.99,0.15,4.75,Credit Card,Delivered,119.98,101.983
1006,2025-03-04,Ahmed Taylor,South,Usb Charger,Usb Charger,1,11.2,0.1,11.91,Credit Card,Delivered,11.2,10.08
1203,2025-04-08,Emma Wang,South,Backpack,Backpack,1,45.0,0.15,5.78,Paypal,Delivered,45.0,38.25
1295,2025-05-01,Fatima Yousuf,South,Yoga Mat,Yoga Mat,2,22.0,0.0,8.25,Debit Card,Processing,44.0,44.0
1250,2025-05-06,Linda Rodriguez,North,Backpack,Backpack,2,45.0,0.05,4.29,Paypal,Processing,90.0,85.5
1264,2025-03-01,Fatima Lee,North,Wireless Mouse,Wireless Mouse,1,15.99,0.0,7.56,Paypal,Delivered,15.99,15.99
1230,2025-04-28,David Garcia,North,Wireless Mouse,Wireless Mouse,1,15.99,0.15,4.84,Credit Card,Returned,15.99,13.5915
1157,2025-05-29,James Taylor,North,Coffee Mug,Coffee Mug,2,8.25,0.15,8.46,Paypal,Processing,16.5,14.025
1099,2025-01-22,Wei Lee,North,Bluetooth Speaker,Bluetooth Speaker,1,34.5,0.2,9.78,Credit Card,Delivered,34.5,27.6
1106,2025-02-24,Olivia Garcia,South,Wireless Mouse,Wireless Mouse,2,15.99,0.0,4.52,Debit Card,Delivered,31.98,31.98
1067,2025-02-16,Fatima Lee,North,Backpack,Backpack,5,45.0,0.0,7.68,Credit Card,Shipped,225.0,225.0
1117,2025-06-19,Olivia Li,South,Phone Case,Phone Case,1,9.99,0.1,9.08,Debit Card,Delivered,9.99,8.991
1219,2025-02-12,Fatima Lee,West,Usb Charger,Usb Charger,1,11.2,0.1,6.17,Debit Card,Delivered,11.2,10.08
1037,2025-03-02,Fatima Khan,South,Desk Lamp,Desk Lamp,3,18.75,0.0,5.19,Debit Card,Delivered,56.25,56.25
1221,2025-02-26,Fatima Khan,East,Notebook Set,Notebook Set,1,6.5,0.2,8.07,Credit Card,Delivered,6.5,5.2
1070,2025-05-05,Layla Li,North,Desk Lamp,Desk Lamp,5,18.75,0.15,8.68,Credit Card,Returned,93.75,79.6875
1033,2025-05-28,David Sharma,South,Notebook Set,Notebook Set,1,6.5,0.05,7.21,Debit Card,Delivered,6.5,6.175
1198,2025-01-26,Wei Khan,West,Backpack,Backpack,3,45.0,0.0,6.4,Paypal,Cancelled,135.0,135.0
1254,2025-06-25,Yusuf Johnson,East,Bluetooth Speaker,Bluetooth Speaker,1,34.5,0.2,10.61,Paypal,Delivered,34.5,27.6
1227,2025-04-17,Grace Li,West,Notebook Set,Notebook Set,2,6.5,0.15,10.25,Credit Card,Delivered,13.0,11.05
1229,2025-02-24,Layla Clark,West,Water Bottle,Water Bottle,4,12.5,0.2,5.91,Debit Card,Delivered,50.0,40.0
1277,2025-05-19,Linda Khan,West,Usb Charger,Usb Charger,3,11.2,0.2,4.02,Paypal,Delivered,33.6,26.88
1063,2025-04-27,Emma Ali,North,Throw Pillow,Throw Pillow,2,14.0,0.15,10.2,Paypal,Returned,28.0,23.8
1062,2025-03-03,Carlos Rodriguez,South,Desk Lamp,Desk Lamp,1,18.75,0.0,3.52,Paypal,Delivered,18.75,18.75
1271,2025-01-09,Chen Brown,East,Yoga Mat,Yoga Mat,5,22.0,0.0,11.59,Credit Card,Delivered,110.0,110.0
1312,2025-02-10,Fatima Johnson,North,Yoga Mat,Yoga Mat,1,22.0,0.2,7.6,Credit Card,Returned,22.0,17.6
1030,2025-03-27,Fatima Ahmed,West,Running Shoes,Running Shoes,1,59.99,0.0,10.19,Paypal,Delivered,59.99,59.99
1122,2025-06-23,Emma Ali,North,Coffee Mug,Coffee Mug,2,8.25,0.0,5.9,Credit Card,Delivered,16.5,16.5
1136,2025-06-13,Maria Hassan,North,Notebook Set,Notebook Set,4,6.5,0.0,6.95,Credit Card,Shipped,26.0,26.0
1056,2025-03-20,Layla Wilson,East,Phone Case,Phone Case,5,9.99,0.0,5.14,Paypal,Delivered,49.95,49.95
1305,2025-05-21,Linda Sharma,East,Coffee Mug,Coffee Mug,4,8.25,0.0,5.25,Credit Card,Processing,33.0,33.0
1093,2025-03-06,James Malik,South,Yoga Mat,Yoga Mat,1,22.0,0.1,3.72,Credit Card,Shipped,22.0,19.8
1239,2025-03-09,Ahmed Smith,South,Notebook Set,Notebook Set,1,6.5,0.0,11.56,Credit Card,Returned,6.5,6.5
1247,2025-01-18,Fatima Brown,West,Backpack,Backpack,1,45.0,0.05,6.14,Debit Card,Processing,45.0,42.75
1270,2025-04-18,Linda Smith,South,Wireless Mouse,Wireless Mouse,4,15.99,0.05,6.72,Credit Card,Delivered,63.96,60.762
1167,2025-04-27,Chen Taylor,South,Bluetooth Speaker,Bluetooth Speaker,3,34.5,0.0,11.06,Paypal,Delivered,103.5,103.5
1090,2025-06-26,Grace Taylor,East,Running Shoes,Running Shoes,2,59.99,0.0,11.58,Paypal,Delivered,119.98,119.98
1107,2025-04-12,Layla Brown,South,Backpack,Backpack,3,45.0,0.0,7.41,Credit Card,Delivered,135.0,135.0
1104,2025-02-09,Sara Wilson,South,Notebook Set,Notebook Set,1,6.5,0.0,4.19,Paypal,Delivered,6.5,6.5
1138,2025-01-20,Omar Hassan,North,Phone Case,Phone Case,5,9.99,0.2,6.88,Paypal,Delivered,49.95,39.96
1234,2025-05-16,Tom Li,North,Usb Charger,Usb Charger,1,11.2,0.0,4.89,Credit Card,Shipped,11.2,11.2
1225,2025-06-30,Aisha Yousuf,East,Desk Lamp,Desk Lamp,1,18.75,0.0,11.6,Debit Card,Shipped,18.75,18.75
1041,2025-05-14,Omar Malik,West,Water Bottle,Water Bottle,2,12.5,0.2,4.16,Paypal,Delivered,25.0,20.0
1130,2025-01-18,Tom Hassan,East,Desk Lamp,Desk Lamp,1,18.75,0.0,8.84,Paypal,Processing,18.75,18.75
1018,2025-03-13,Layla Farouk,West,Yoga Mat,Yoga Mat,4,22.0,0.0,4.14,Paypal,Cancelled,88.0,88.0
1134,2025-05-08,Tom Wilson,East,Yoga Mat,Yoga Mat,5,22.0,0.15,4.2,Paypal,Delivered,110.0,93.5
1192,2025-03-15,James Davis,North,Throw Pillow,Throw Pillow,2,14.0,0.1,9.23,Paypal,Cancelled,28.0,25.2
1057,2025-05-31,Fatima Rodriguez,North,Water Bottle,Water Bottle,5,12.5,0.0,4.35,Paypal,Delivered,62.5,62.5
1135,2025-01-21,Fatima Yousuf,East,Desk Lamp,Desk Lamp,3,18.75,0.0,8.62,Debit Card,Delivered,56.25,56.25
1082,2025-03-17,Tom Wang,North,Phone Case,Phone Case,2,9.99,0.15,8.31,Credit Card,Delivered,19.98,16.983
1019,2025-04-15,Layla Smith,West,Bluetooth Speaker,Bluetooth Speaker,2,34.5,0.0,6.91,Credit Card,Delivered,69.0,69.0
1252,2025-03-22,Wei Brown,West,Desk Lamp,Desk Lamp,2,18.75,0.2,5.81,Debit Card,Delivered,37.5,30.0
1315,2025-06-14,Tom Li,South,Backpack,Backpack,1,45.0,0.0,10.74,Paypal,Cancelled,45.0,45.0
1126,2025-06-30,Sara Lee,West,Throw Pillow,Throw Pillow,1,14.0,0.2,11.2,Credit Card,Shipped,14.0,11.2
1078,2025-02-12,Ahmed Sharma,South,Bluetooth Speaker,Bluetooth Speaker,1,34.5,0.05,3.89,Debit Card,Returned,34.5,32.775
1316,2025-02-27,Emma Wilson,North,Desk Lamp,Desk Lamp,1,18.75,0.1,5.5,Credit Card,Delivered,18.75,16.875
1291,2025-05-11,Noah Taylor,South,Running Shoes,Running Shoes,1,59.99,0.0,8.55,Debit Card,Shipped,59.99,59.99
1220,2025-04-09,James Lee,North,Yoga Mat,Yoga Mat,2,22.0,0.2,6.98,Paypal,Shipped,44.0,35.2
1153,2025-03-15,Chen Yousuf,North,Water Bottle,Water Bottle,3,12.5,0.1,10.0,Credit Card,Delivered,37.5,33.75
1262,2025-02-26,Emma Malik,North,Backpack,Backpack,1,45.0,0.2,10.63,Credit Card,Delivered,45.0,36.0
1174,2025-04-25,Carlos Wang,North,Coffee Mug,Coffee Mug,1,8.25,0.1,7.03,Credit Card,Delivered,8.25,7.425
1276,2025-03-09,Tom Hassan,West,Yoga Mat,Yoga Mat,5,22.0,0.0,10.62,Credit Card,Delivered,110.0,110.0
1040,2025-04-24,Noah Yousuf,North,Notebook Set,Notebook Set,3,6.5,0.2,11.21,Paypal,Delivered,19.5,15.6
1120,2025-06-08,Noah Garcia,South,Usb Charger,Usb Charger,3,11.2,0.2,4.88,Paypal,Delivered,33.6,26.88
1085,2025-02-12,Layla Hassan,East,Backpack,Backpack,2,45.0,0.2,6.01,Credit Card,Returned,90.0,72.0
1002,2025-02-20,Carlos Brown,South,Backpack,Backpack,1,45.0,0.1,7.32,Paypal,Delivered,45.0,40.5
1311,2025-04-13,Aisha Wilson,West,Yoga Mat,Yoga Mat,1,22.0,0.05,9.36,Debit Card,Cancelled,22.0,20.9
1150,2025-02-10,Tom Taylor,East,Running Shoes,Running Shoes,2,59.99,0.2,5.11,Paypal,Processing,119.98,95.984
1042,2025-04-09,Layla Khan,South,Yoga Mat,Yoga Mat,1,22.0,0.0,4.05,Paypal,Processing,22.0,22.0
1034,2025-03-26,Carlos Hassan,North,Running Shoes,Running Shoes,1,59.99,0.15,4.56,Debit Card,Shipped,59.99,50.9915
1290,2025-06-05,Fatima Taylor,East,Wireless Mouse,Wireless Mouse,2,15.99,0.0,6.7,Debit Card,Delivered,31.98,31.98
1143,2025-03-23,Priya Sharma,South,Notebook Set,Notebook Set,1,6.5,0.0,9.28,Credit Card,Delivered,6.5,6.5
1072,2025-05-22,Priya Lee,South,Coffee Mug,Coffee Mug,2,8.25,0.05,8.59,Credit Card,Delivered,16.5,15.675
1110,2025-06-15,Noah Davis,South,Water Bottle,Water Bottle,3,12.5,0.0,5.68,Paypal,Delivered,37.5,37.5
1011,2025-01-28,James Malik,South,Backpack,Backpack,1,45.0,0.1,7.82,Debit Card,Cancelled,45.0,40.5
1097,2025-05-10,Tom Taylor,North,Backpack,Backpack,2,45.0,0.05,9.47,Credit Card,Delivered,90.0,85.5
1132,2025-02-21,Omar Garcia,North,Desk Lamp,Desk Lamp,2,18.75,0.0,7.88,Debit Card,Returned,37.5,37.5
1189,2025-02-13,David Malik,South,Coffee Mug,Coffee Mug,5,8.25,0.05,9.62,Debit Card,Delivered,41.25,39.1875
1045,2025-06-01,Omar Li,North,Notebook Set,Notebook Set,1,6.5,0.05,7.14,Credit Card,Delivered,6.5,6.175
1048,2025-03-07,Linda Wang,East,Water Bottle,Water Bottle,5,12.5,0.15,11.69,Paypal,Shipped,62.5,53.125
1020,2025-05-23,Yusuf Farouk,South,Desk Lamp,Desk Lamp,4,18.75,0.15,6.02,Credit Card,Delivered,75.0,63.75
1175,2025-01-01,Sara Smith,South,Running Shoes,Running Shoes,2,59.99,0.2,3.88,Paypal,Shipped,119.98,95.984
1046,2025-04-08,David Rodriguez,East,Coffee Mug,Coffee Mug,3,8.25,0.0,4.2,Credit Card,Delivered,24.75,24.75
1115,2025-03-05,Ahmed Davis,South,Usb Charger,Usb Charger,1,11.2,0.0,7.95,Credit Card,Returned,11.2,11.2
1076,2025-06-17,Omar Smith,South,Throw Pillow,Throw Pillow,1,14.0,0.05,11.74,Credit Card,Delivered,14.0,13.3
1050,2025-05-25,Linda Ali,North,Usb Charger,Usb Charger,1,11.2,0.2,9.12,Debit Card,Delivered,11.2,8.96
1186,2025-03-03,Grace Brown,North,Throw Pillow,Throw Pillow,2,14.0,0.05,6.74,Debit Card,Processing,28.0,26.6
1309,2025-04-29,Yusuf Brown,North,Coffee Mug,Coffee Mug,2,8.25,0.0,10.93,Credit Card,Cancelled,16.5,16.5
1155,2025-06-05,Wei Wilson,North,Coffee Mug,Coffee Mug,5,8.25,0.0,8.71,Paypal,Delivered,41.25,41.25
1245,2025-01-04,Chen Johnson,South,Water Bottle,Water Bottle,1,12.5,0.0,6.76,Credit Card,Delivered,12.5,12.5
1140,2025-02-14,Carlos Johnson,South,Yoga Mat,Yoga Mat,1,22.0,0.05,10.39,Credit Card,Returned,22.0,20.9
1299,2025-02-23,David Garcia,South,Wireless Mouse,Wireless Mouse,5,15.99,0.0,7.66,Paypal,Processing,79.95,79.95
1194,2025-06-25,Chen Brown,North,Throw Pillow,Throw Pillow,1,14.0,0.0,6.72,Credit Card,Delivered,14.0,14.0
1095,2025-01-12,Linda Farouk,South,Backpack,Backpack,2,45.0,0.1,8.97,Paypal,Delivered,90.0,81.0
1240,2025-06-13,Priya Sharma,North,Throw Pillow,Throw Pillow,4,14.0,0.0,5.86,Paypal,Shipped,56.0,56.0
1182,2025-03-30,Fatima Sharma,South,Backpack,Backpack,5,45.0,0.0,6.21,Credit Card,Processing,225.0,225.0
1292,2025-03-12,David Malik,East,Usb Charger,Usb Charger,3,11.2,0.2,7.9,Debit Card,Delivered,33.6,26.88
1163,2025-06-28,Grace Rodriguez,East,Water Bottle,Water Bottle,2,12.5,0.1,9.8,Paypal,Delivered,25.0,22.5
1242,2025-06-20,Priya Johnson,South,Coffee Mug,Coffee Mug,1,8.25,0.0,9.52,Paypal,Delivered,8.25,8.25
1114,2025-06-04,Maria Farouk,West,Notebook Set,Notebook Set,2,6.5,0.0,4.03,Paypal,Delivered,13.0,13.0
1200,2025-01-19,Ahmed Taylor,North,Desk Lamp,Desk Lamp,2,18.75,0.15,9.55,Debit Card,Delivered,37.5,31.875
1159,2025-02-05,Noah Taylor,North,Coffee Mug,Coffee Mug,1,8.25,0.15,11.98,Paypal,Shipped,8.25,7.0125
1052,2025-06-01,Layla Lee,East,Coffee Mug,Coffee Mug,4,8.25,0.2,10.56,Debit Card,Cancelled,33.0,26.4
1065,2025-03-19,Sara Farouk,South,Bluetooth Speaker,Bluetooth Speaker,5,34.5,0.15,7.75,Credit Card,Returned,172.5,146.625
1241,2025-06-12,Wei Yousuf,South,Phone Case,Phone Case,4,9.99,0.1,7.22,Credit Card,Delivered,39.96,35.964
1004,2025-05-22,Omar Yousuf,East,Bluetooth Speaker,Bluetooth Speaker,4,34.5,0.0,6.57,Paypal,Cancelled,138.0,138.0
1014,2025-03-21,Priya Rodriguez,West,Backpack,Backpack,2,45.0,0.15,7.9,Debit Card,Delivered,90.0,76.5
1142,2025-05-22,Grace Smith,South,Phone Case,Phone Case,3,9.99,0.05,4.06,Paypal,Cancelled,29.97,28.4715
1081,2025-04-19,Ahmed Farouk,South,Phone Case,Phone Case,2,9.99,0.15,6.07,Debit Card,Delivered,19.98,16.983
1317,2025-06-17,Grace Farouk,North,Phone Case,Phone Case,1,9.99,0.05,3.8,Credit Card,Delivered,9.99,9.4905
1202,2025-06-03,James Khan,East,Phone Case,Phone Case,1,9.99,0.1,7.02,Credit Card,Delivered,9.99,8.991
1238,2025-03-23,Olivia Khan,South,Backpack,Backpack,1,45.0,0.0,8.33,Credit Card,Cancelled,45.0,45.0
1098,2025-03-28,Carlos Sharma,West,Coffee Mug,Coffee Mug,2,8.25,0.05,4.31,Credit Card,Delivered,16.5,15.675
1269,2025-01-23,Emma Hassan,South,Phone Case,Phone Case,1,9.99,0.15,5.75,Debit Card,Delivered,9.99,8.4915
1171,2025-01-31,Sara Ahmed,South,Running Shoes,Running Shoes,2,59.99,0.15,5.38,Debit Card,Delivered,119.98,101.983
1178,2025-04-08,Sara Farouk,South,Usb Charger,Usb Charger,4,11.2,0.1,4.82,Paypal,Delivered,44.8,40.32
1074,2025-03-24,Grace Hassan,South,Phone Case,Phone Case,4,9.99,0.05,5.49,Paypal,Shipped,39.96,37.962
1179,2025-02-22,Maria Sharma,North,Notebook Set,Notebook Set,1,6.5,0.0,7.29,Credit Card,Shipped,6.5,6.5
1205,2025-03-27,David Taylor,West,Running Shoes,Running Shoes,3,59.99,0.05,6.23,Paypal,Delivered,179.97,170.9715
1301,2025-03-05,Carlos Smith,South,Usb Charger,Usb Charger,1,11.2,0.15,4.37,Debit Card,Delivered,11.2,9.52
1201,2025-04-03,Linda Khan,East,Wireless Mouse,Wireless Mouse,2,15.99,0.05,5.09,Credit Card,Delivered,31.98,30.381
1131,2025-06-14,Maria Hassan,South,Backpack,Backpack,3,45.0,0.2,7.57,Credit Card,Returned,135.0,108.0
1061,2025-03-18,Emma Davis,North,Running Shoes,Running Shoes,5,59.99,0.05,8.78,Credit Card,Delivered,299.95,284.9525
1100,2025-04-01,Layla Yousuf,South,Phone Case,Phone Case,1,9.99,0.05,9.63,Credit Card,Cancelled,9.99,9.4905
1244,2025-04-27,Noah Khan,North,Desk Lamp,Desk Lamp,1,18.75,0.05,10.8,Debit Card,Delivered,18.75,17.8125
1280,2025-04-10,Olivia Malik,North,Phone Case,Phone Case,1,9.99,0.0,10.78,Credit Card,Shipped,9.99,9.99
1191,2025-06-13,Noah Farouk,South,Phone Case,Phone Case,1,9.99,0.1,9.1,Paypal,Returned,9.99,8.991
1058,2025-01-14,James Yousuf,North,Yoga Mat,Yoga Mat,2,22.0,0.0,4.57,Debit Card,Shipped,44.0,44.0
1318,2025-06-21,Olivia Ali,West,Backpack,Backpack,2,45.0,0.15,3.96,Debit Card,Delivered,90.0,76.5
1144,2025-01-15,Chen Ahmed,North,Yoga Mat,Yoga Mat,4,22.0,0.1,4.9,Paypal,Delivered,88.0,79.2
1190,2025-06-21,Maria Davis,North,Wireless Mouse,Wireless Mouse,1,15.99,0.2,10.66,Credit Card,Delivered,15.99,12.792
1173,2025-05-21,Noah Hassan,North,Bluetooth Speaker,Bluetooth Speaker,1,34.5,0.0,4.77,Paypal,Shipped,34.5,34.5
1223,2025-06-17,Layla Rodriguez,South,Running Shoes,Running Shoes,1,59.99,0.15,3.77,Debit Card,Cancelled,59.99,50.9915
1158,2025-05-27,Tom Li,South,Usb Charger,Usb Charger,2,11.2,0.0,7.25,Credit Card,Delivered,22.4,22.4
1027,2025-02-03,Yusuf Garcia,South,Wireless Mouse,Wireless Mouse,3,15.99,0.2,7.26,Debit Card,Delivered,47.97,38.376
1116,2025-06-11,Tom Sharma,South,Phone Case,Phone Case,1,9.99,0.2,4.3,Debit Card,Delivered,9.99,7.992
1209,2025-01-10,Tom Yousuf,East,Backpack,Backpack,4,45.0,0.1,11.27,Paypal,Shipped,180.0,162.0
1283,2025-03-02,Tom Garcia,North,Running Shoes,Running Shoes,3,59.99,0.15,11.12,Credit Card,Returned,179.97,152.9745
1009,2025-01-13,Wei Davis,North,Coffee Mug,Coffee Mug,1,8.25,0.2,10.23,Paypal,Shipped,8.25,6.6
1139,2025-01-31,Fatima Lee,East,Backpack,Backpack,4,45.0,0.1,5.32,Debit Card,Processing,180.0,162.0
1193,2025-06-08,Linda Davis,North,Yoga Mat,Yoga Mat,2,22.0,0.0,5.77,Debit Card,Cancelled,44.0,44.0
1105,2025-04-21,Priya Malik,North,Water Bottle,Water Bottle,1,12.5,0.0,8.54,Debit Card,Shipped,12.5,12.5
1152,2025-01-28,Grace Ali,West,Backpack,Backpack,1,45.0,0.2,9.68,Paypal,Cancelled,45.0,36.0
1032,2025-01-30,Aisha Davis,East,Running Shoes,Running Shoes,3,59.99,0.0,11.86,Paypal,Shipped,179.97,179.97
1267,2025-05-31,Layla Taylor,South,Phone Case,Phone Case,2,9.99,0.15,9.35,Credit Card,Delivered,19.98,16.983
1129,2025-05-15,Fatima Khan,North,Backpack,Backpack,3,45.0,0.0,7.81,Paypal,Processing,135.0,135.0
1275,2025-04-12,Sara Khan,West,Coffee Mug,Coffee Mug,1,8.25,0.0,5.75,Credit Card,Cancelled,8.25,8.25
1083,2025-04-01,Olivia Lee,South,Desk Lamp,Desk Lamp,2,18.75,0.1,9.26,Paypal,Shipped,37.5,33.75
1137,2025-02-02,James Li,North,Notebook Set,Notebook Set,5,6.5,0.0,6.61,Paypal,Processing,32.5,32.5
1288,2025-02-11,Omar Ahmed,East,Coffee Mug,Coffee Mug,3,8.25,0.0,6.79,Credit Card,Delivered,24.75,24.75
1029,2025-01-27,Aisha Rodriguez,East,Usb Charger,Usb Charger,2,11.2,0.15,6.95,Paypal,Cancelled,22.4,19.04
1028,2025-05-22,Wei Yousuf,South,Wireless Mouse,Wireless Mouse,3,15.99,0.1,6.12,Credit Card,Delivered,47.97,43.173
1075,2025-01-10,Tom Clark,South,Usb Charger,Usb Charger,1,11.2,0.05,6.32,Paypal,Returned,11.2,10.64
1196,2025-06-25,Chen Lee,East,Desk Lamp,Desk Lamp,1,18.75,0.0,3.78,Paypal,Shipped,18.75,18.75
1013,2025-01-18,Ahmed Khan,North,Throw Pillow,Throw Pillow,5,14.0,0.2,7.54,Paypal,Delivered,70.0,56.0
1055,2025-06-27,James Khan,South,Desk Lamp,Desk Lamp,2,18.75,0.05,6.64,Debit Card,Shipped,37.5,35.625
1268,2025-06-04,Chen Clark,East,Notebook Set,Notebook Set,1,6.5,0.0,8.31,Paypal,Delivered,6.5,6.5
1007,2025-03-10,Maria Brown,North,Wireless Mouse,Wireless Mouse,3,15.99,0.05,8.32,Paypal,Returned,47.97,45.5715
1217,2025-04-28,Tom Wang,North,Bluetooth Speaker,Bluetooth Speaker,3,34.5,0.0,9.5,Paypal,Cancelled,103.5,103.5
1147,2025-06-10,Chen Sharma,North,Notebook Set,Notebook Set,1,6.5,0.05,6.07,Debit Card,Shipped,6.5,6.175
1274,2025-04-20,Grace Li,North,Wireless Mouse,Wireless Mouse,3,15.99,0.0,8.81,Debit Card,Cancelled,47.97,47.97
1214,2025-04-20,Fatima Yousuf,West,Yoga Mat,Yoga Mat,3,22.0,0.1,8.85,Paypal,Processing,66.0,59.4
1246,2025-04-17,Layla Sharma,South,Water Bottle,Water Bottle,3,12.5,0.0,4.16,Debit Card,Delivered,37.5,37.5
1181,2025-06-19,Olivia Wilson,North,Water Bottle,Water Bottle,2,12.5,0.0,5.84,Paypal,Delivered,25.0,25.0
1060,2025-05-25,Chen Garcia,East,Yoga Mat,Yoga Mat,1,22.0,0.2,4.51,Credit Card,Returned,22.0,17.6
1166,2025-04-12,Maria Ahmed,West,Running Shoes,Running Shoes,1,59.99,0.0,11.68,Paypal,Returned,59.99,59.99
1278,2025-01-21,Grace Wang,West,Water Bottle,Water Bottle,5,12.5,0.0,11.15,Credit Card,Delivered,62.5,62.5
1258,2025-04-12,Omar Garcia,West,Yoga Mat,Yoga Mat,4,22.0,0.2,7.13,Credit Card,Delivered,88.0,70.4
1092,2025-05-22,David Brown,South,Yoga Mat,Yoga Mat,2,22.0,0.0,10.89,Paypal,Delivered,44.0,44.0
1068,2025-05-07,Linda Ahmed,East,Phone Case,Phone Case,4,9.99,0.15,8.18,Credit Card,Cancelled,39.96,33.966
1177,2025-02-15,Ahmed Yousuf,North,Yoga Mat,Yoga Mat,3,22.0,0.0,9.69,Credit Card,Delivered,66.0,66.0
1149,2025-05-24,Aisha Clark,North,Yoga Mat,Yoga Mat,3,22.0,0.1,4.54,Debit Card,Delivered,66.0,59.4
1108,2025-01-06,Tom Sharma,East,Desk Lamp,Desk Lamp,1,18.75,0.05,8.75,Paypal,Cancelled,18.75,17.8125
1103,2025-02-06,Fatima Li,South,Notebook Set,Notebook Set,4,6.5,0.0,8.01,Credit Card,Delivered,26.0,26.0
1112,2025-04-24,David Li,South,Coffee Mug,Coffee Mug,1,8.25,0.05,8.53,Debit Card,Processing,8.25,7.8375
1319,2025-04-26,Olivia Taylor,North,Coffee Mug,Coffee Mug,3,8.25,0.15,5.38,Credit Card,Processing,24.75,21.0375
1161,2025-06-30,Sara Ali,West,Throw Pillow,Throw Pillow,2,14.0,0.15,8.26,Debit Card,Delivered,28.0,23.8
1281,2025-04-17,Olivia Wang,South,Backpack,Backpack,4,45.0,0.0,8.45,Paypal,Shipped,180.0,180.0
1154,2025-03-28,Linda Li,North,Bluetooth Speaker,Bluetooth Speaker,4,34.5,0.0,5.19,Debit Card,Processing,138.0,138.0
1263,2025-05-25,Aisha Wang,South,Wireless Mouse,Wireless Mouse,3,15.99,0.1,10.61,Paypal,Returned,47.97,43.173
1212,2025-03-21,Ahmed Johnson,East,Throw Pillow,Throw Pillow,1,14.0,0.0,7.93,Credit Card,Processing,14.0,14.0
1071,2025-01-30,Layla Sharma,West,Bluetooth Speaker,Bluetooth Speaker,2,34.5,0.2,4.81,Credit Card,Shipped,69.0,55.2
1232,2025-01-25,Emma Sharma,North,Usb Charger,Usb Charger,1,11.2,0.15,4.63,Paypal,Delivered,11.2,9.52
1151,2025-05-10,Sara Lee,West,Wireless Mouse,Wireless Mouse,1,15.99,0.05,6.5,Paypal,Delivered,15.99,15.1905
1176,2025-02-16,Ahmed Lee,South,Wireless Mouse,Wireless Mouse,2,15.99,0.05,11.08,Credit Card,Delivered,31.98,30.381
1204,2025-03-05,Sara Lee,South,Bluetooth Speaker,Bluetooth Speaker,3,34.5,0.0,5.16,Credit Card,Shipped,103.5,103.5
1141,2025-02-10,Ahmed Yousuf,South,Backpack,Backpack,2,45.0,0.0,7.82,Paypal,Processing,90.0,90.0
1128,2025-05-12,Grace Taylor,North,Backpack,Backpack,1,45.0,0.15,5.98,Paypal,Processing,45.0,38.25
1215,2025-01-02,Olivia Rodriguez,South,Coffee Mug,Coffee Mug,4,8.25,0.05,9.89,Paypal,Delivered,33.0,31.35
1197,2025-03-18,Chen Li,South,Throw Pillow,Throw Pillow,4,14.0,0.0,10.59,Paypal,Delivered,56.0,56.0
1165,2025-03-15,Priya Lee,East,Coffee Mug,Coffee Mug,2,8.25,0.2,11.22,Debit Card,Shipped,16.5,13.2
1308,2025-05-27,James Smith,South,Usb Charger,Usb Charger,1,11.2,0.0,4.27,Credit Card,Delivered,11.2,11.2
1199,2025-04-26,David Smith,West,Usb Charger,Usb Charger,2,11.2,0.2,11.5,Paypal,Delivered,22.4,17.92
1054,2025-03-03,Yusuf Yousuf,South,Wireless Mouse,Wireless Mouse,2,15.99,0.0,9.94,Credit Card,Delivered,31.98,31.98
1066,2025-01-24,Priya Wilson,South,Notebook Set,Notebook Set,2,6.5,0.0,3.68,Paypal,Shipped,13.0,13.0
1089,2025-06-21,Layla Li,South,Running Shoes,Running Shoes,5,59.99,0.0,9.81,Paypal,Delivered,299.95,299.95
1297,2025-02-19,Chen Wang,North,Notebook Set,Notebook Set,1,6.5,0.05,6.74,Credit Card,Cancelled,6.5,6.175
1091,2025-02-18,Layla Hassan,North,Wireless Mouse,Wireless Mouse,4,15.99,0.0,5.3,Credit Card,Delivered,63.96,63.96
1261,2025-03-13,James Wilson,North,Notebook Set,Notebook Set,2,6.5,0.0,10.02,Credit Card,Delivered,13.0,13.0
1248,2025-04-05,Sara Wang,North,Desk Lamp,Desk Lamp,2,18.75,0.05,10.1,Credit Card,Returned,37.5,35.625
1300,2025-01-02,Priya Clark,North,Running Shoes,Running Shoes,5,59.99,0.05,6.67,Paypal,Delivered,299.95,284.9525
1222,2025-01-30,Grace Yousuf,East,Backpack,Backpack,1,45.0,0.1,6.62,Paypal,Cancelled,45.0,40.5
1284,2025-02-28,Yusuf Lee,South,Throw Pillow,Throw Pillow,1,14.0,0.2,7.27,Debit Card,Returned,14.0,11.2
1025,2025-05-22,Sara Taylor,East,Usb Charger,Usb Charger,1,11.2,0.15,4.64,Credit Card,Returned,11.2,9.52
1272,2025-06-07,Ahmed Yousuf,West,Bluetooth Speaker,Bluetooth Speaker,3,34.5,0.1,9.06,Credit Card,Delivered,103.5,93.15
1003,2025-02-25,Fatima Sharma,East,Phone Case,Phone Case,2,9.99,0.0,4.32,Credit Card,Delivered,19.98,19.98
1256,2025-01-16,Omar Johnson,South,Yoga Mat,Yoga Mat,1,22.0,0.0,6.9,Paypal,Delivered,22.0,22.0
1069,2025-01-14,Tom Davis,South,Wireless Mouse,Wireless Mouse,5,15.99,0.05,9.93,Paypal,Delivered,79.95,75.9525
1259,2025-03-17,Omar Li,West,Wireless Mouse,Wireless Mouse,2,15.99,0.15,7.57,Credit Card,Cancelled,31.98,27.183
1235,2025-02-25,Priya Taylor,North,Usb Charger,Usb Charger,5,11.2,0.2,4.55,Credit Card,Delivered,56.0,44.8
1231,2025-06-17,Wei Ali,East,Yoga Mat,Yoga Mat,2,22.0,0.0,9.15,Debit Card,Delivered,44.0,44.0
1064,2025-02-08,Priya Johnson,East,Backpack,Backpack,2,45.0,0.15,4.91,Paypal,Delivered,90.0,76.5
1302,2025-05-14,Maria Ali,North,Desk Lamp,Desk Lamp,5,18.75,0.15,11.05,Paypal,Delivered,93.75,79.6875
1024,2025-03-09,Chen Johnson,South,Bluetooth Speaker,Bluetooth Speaker,2,34.5,0.1,10.97,Debit Card,Cancelled,69.0,62.1
